fid, percentile_ratos_p20_p50_ratio, percentile_ratos_p80_p20_ratio, income_share_top_5pc_pc, median_aud, highest_quartile_pc, median_age_of_earners_years, sa2_code, third_quartile_pc, sa2_name, percentile_ratos_p80_p50_ratio, earners_persons, gini_coefficient_coef, income_share_top_1pc_pc, lowest_quartile_pc, mean_aud, sum_aud, second_quartile_pc, percentile_ratos_p10_p50_ratio, income_share_top_10pc_pc
711,0.38,4.89,23.3,58667.0,34.0,33.0,"206061136",25.1,"Prahran - Windsor",1.87,14996.0,0.48,9.8,20.4,78362.0,1.175121809E9,20.5,0.2,34.5
826,0.42,4.17,17.5,51489.0,24.9,44.0,"210041240",28.2,"Sunbury",1.74,7829.0,0.421,5.8,21.2,60473.0,4.73442216E8,25.7,0.2,28.2
827,0.43,3.88,16.2,50727.0,23.0,41.0,"210041241",29.7,"Sunbury - South",1.69,15982.0,0.401,5.2,20.7,57771.0,9.23288184E8,26.6,0.21,26.6
716,0.39,4.62,19.6,56825.0,31.6,33.0,"206071141",25.6,"Collingwood",1.79,5698.0,0.445,7.0,20.6,69726.0,3.97299391E8,22.2,0.21,30.6
825,0.4,4.5,15.7,47312.0,21.1,40.0,"210031440",27.7,"Hadfield",1.78,2786.0,0.413,4.9,25.0,53617.0,1.49377288E8,26.2,0.18,26.5
717,0.36,5.58,28.1,54622.0,33.2,34.0,"206071142",21.6,"Fitzroy",2.04,7052.0,0.53,13.2,22.5,80755.0,5.69485085E8,22.6,0.18,39.3
755,0.38,4.98,18.3,52729.0,29.5,39.0,"208021180",24.4,"Hughesdale",1.88,4410.0,0.45,5.9,22.9,64894.0,2.86183161E8,23.2,0.17,29.7
970,0.38,4.65,15.7,55310.0,29.8,36.0,"213051466",26.8,"Point Cook - South",1.78,8772.0,0.416,4.5,21.5,63737.0,5.59100895E8,21.9,0.18,26.6
769,null,null,null,65632.0,null,53.0,"208031192",null,"Moorabbin Airport",null,7.0,null,null,null,66862.0,468034.0,null,null,null
774,0.37,4.84,17.6,53472.0,28.9,44.0,"209011197",25.6,"Greensborough",1.81,12751.0,0.435,6.0,22.7,63308.0,8.07242418E8,22.7,0.17,28.4
738,0.32,6.47,19.4,46228.0,26.9,45.0,"207031162",21.2,"Blackburn South",2.09,6011.0,0.483,6.2,28.2,60483.0,3.63560686E8,23.7,0.13,31.4
743,0.31,7.09,26.7,57439.0,36.4,46.0,"207031167",19.6,"Surrey Hills (East) - Mont Albert",2.19,6709.0,0.548,11.0,25.2,86366.0,5.79429162E8,18.8,0.13,39.0
746,0.32,7.2,28.6,59126.0,38.3,48.0,"208011170",18.1,"Brighton East",2.34,10044.0,0.564,11.8,23.6,95730.0,9.61509068E8,20.0,0.13,40.8
747,0.36,5.53,19.8,55336.0,33.2,43.0,"208011171",22.3,"Cheltenham - Highett (West)",2.0,7021.0,0.472,6.5,22.6,72159.0,5.06625647E8,21.9,0.16,31.5
748,0.33,7.14,29.3,57701.0,37.5,47.0,"208011172",18.7,"Hampton",2.34,11134.0,0.568,12.2,23.9,95772.0,1.066320126E9,19.9,0.14,41.8
680,0.38,4.89,18.7,51576.0,28.2,34.0,"206011105",24.7,"Brunswick",1.85,17741.0,0.45,6.3,23.3,63199.0,1.121215368E9,23.8,0.19,29.9
681,0.38,4.66,17.9,54618.0,29.5,34.0,"206011106",26.2,"Brunswick East",1.77,7948.0,0.432,5.7,22.0,64629.0,5.13672874E8,22.3,0.19,28.7
684,0.39,4.62,17.8,55080.0,30.6,42.0,"206011109",25.5,"Pascoe Vale South",1.8,6140.0,0.435,5.8,21.1,66374.0,4.07534464E8,22.9,0.2,28.8
693,0.32,6.07,23.8,51342.0,29.7,32.0,"206041118",22.4,"Docklands",1.96,8957.0,0.507,9.6,27.2,68978.0,6.17832233E8,20.7,0.16,35.4
694,0.34,6.09,38.6,70034.0,43.0,40.0,"206041119",22.1,"East Melbourne",2.05,3792.0,0.609,19.2,19.6,124057.0,4.70425745E8,15.4,0.17,49.6
697,0.31,8.57,31.0,28068.0,17.6,29.0,"206041122",17.1,"Melbourne",2.66,24075.0,0.599,15.1,43.0,51261.0,1.234101152E9,22.3,0.13,43.2
695,null,null,null,60511.0,null,32.0,"206041120",null,"Flemington Racecourse",null,47.0,null,null,null,75526.0,3549726.0,null,null,null
700,0.35,6.12,41.4,65330.0,40.4,39.0,"206041125",21.8,"South Yarra - West",2.15,4720.0,0.634,23.1,20.0,125363.0,5.91714241E8,17.8,0.16,52.1
759,0.37,5.24,18.9,51321.0,28.8,44.0,"208021427",24.0,"Bentleigh East (South)",1.93,7796.0,0.461,6.1,24.1,64359.0,5.01742273E8,23.1,0.17,30.4
710,0.34,6.31,36.6,64075.0,39.9,41.0,"206061135",20.9,"Armadale",2.15,6486.0,0.605,19.4,20.7,112884.0,7.32168789E8,18.5,0.16,48.0
750,0.35,5.92,21.2,53843.0,32.9,45.0,"208021174",21.4,"Bentleigh - McKinnon",2.07,13879.0,0.494,7.4,24.2,72884.0,1.011558092E9,21.5,0.15,33.3
760,0.4,4.67,18.9,51133.0,27.7,45.0,"208031183",24.6,"Aspendale Gardens - Waterways",1.86,5435.0,0.448,6.4,22.3,63551.0,3.45398059E8,25.4,0.19,30.1
756,0.37,5.26,20.4,52454.0,30.1,40.0,"208021181",23.4,"Murrumbeena",1.94,5966.0,0.47,7.1,23.2,67878.0,4.04959453E8,23.3,0.16,31.8
761,null,null,null,50716.0,null,52.0,"208031184",null,"Braeside",null,160.0,null,null,null,73973.0,1.1835721E7,null,null,null
751,0.36,5.32,19.7,51864.0,28.9,38.0,"208021176",24.1,"Carnegie",1.91,10976.0,0.465,6.4,24.9,65090.0,7.14430896E8,22.1,0.16,31.2
701,0.32,6.25,28.0,50643.0,29.1,32.0,"206041126",22.5,"Southbank",2.01,13321.0,0.538,13.4,27.2,72915.0,9.71296864E8,21.2,0.14,39.2
764,0.42,4.1,14.9,50537.0,22.9,43.0,"208031187",29.6,"Chelsea Heights",1.7,3094.0,0.393,4.3,21.7,55673.0,1.7225294E8,25.7,0.18,25.1
742,0.3,6.85,19.5,39868.0,20.9,44.0,"207031166",21.7,"Burwood East",2.08,6049.0,0.491,6.2,33.2,51966.0,3.14341183E8,24.2,0.11,31.8
683,0.39,4.76,17.8,50613.0,27.0,37.0,"206011108",25.0,"Coburg",1.84,15929.0,0.439,5.8,23.3,61246.0,9.75582106E8,24.7,0.18,28.9
757,0.36,5.41,20.2,52289.0,30.0,38.0,"208021182",23.0,"Ormond - Glen Huntly",1.93,8419.0,0.475,6.8,24.5,66702.0,5.61562981E8,22.5,0.17,31.8
682,0.38,4.84,18.5,50643.0,26.9,35.0,"206011107",25.2,"Brunswick West",1.85,8887.0,0.444,6.0,23.4,62166.0,5.52469191E8,24.4,0.18,29.6
685,0.37,5.33,20.9,57528.0,34.4,41.0,"206021110",22.3,"Alphington - Fairfield",1.98,5678.0,0.476,6.9,21.3,76516.0,4.34455652E8,22.0,0.2,32.9
727,0.33,6.25,29.3,60906.0,37.7,39.0,"207011152",21.3,"Hawthorn East",2.09,10389.0,0.554,11.8,22.1,94680.0,9.83635617E8,18.9,0.15,41.5
686,0.38,4.88,20.9,58653.0,34.4,39.0,"206021111",23.6,"Northcote",1.85,16022.0,0.466,7.4,20.4,75052.0,1.202479199E9,21.7,0.19,32.3
702,null,null,null,58023.0,null,40.0,"206041127",null,"West Melbourne",null,6.0,null,null,null,107800.0,646798.0,null,null,null
687,0.42,4.35,18.3,53351.0,29.2,38.0,"206021112",25.5,"Thornbury",1.81,11439.0,0.431,6.3,20.5,65088.0,7.44538818E8,24.8,0.22,29.2
705,0.37,5.31,25.2,73296.0,45.3,42.0,"206051130",20.7,"Port Melbourne",1.95,11043.0,0.504,10.6,17.4,101555.0,1.121472328E9,16.6,0.18,36.4
688,0.36,5.46,22.6,57996.0,34.4,38.0,"206031113",23.2,"Ascot Vale",1.94,9239.0,0.485,9.6,21.9,76378.0,7.05657673E8,20.5,0.16,33.9
689,0.37,5.15,23.8,56597.0,33.2,42.0,"206031114",24.1,"Essendon - Aberfeldie",1.93,18304.0,0.494,9.6,21.4,77349.0,1.415790119E9,21.3,0.18,35.4
758,0.36,5.38,19.7,52037.0,30.3,44.0,"208021426",22.5,"Bentleigh East (North)",1.96,8799.0,0.469,6.7,24.4,66331.0,5.8364722E8,22.8,0.17,31.2
690,0.36,5.4,18.8,49028.0,26.4,34.0,"206031115",24.4,"Flemington",1.93,5605.0,0.461,5.8,26.2,61354.0,3.43887024E8,23.1,0.17,30.5
696,0.38,4.57,17.8,63505.0,36.1,35.0,"206041121",25.5,"Kensington (Vic.)",1.72,7079.0,0.431,6.1,19.4,73885.0,5.23035242E8,19.0,0.17,28.7
691,0.36,5.39,21.7,59800.0,35.5,41.0,"206031116",23.0,"Moonee Ponds",1.93,9269.0,0.481,8.2,21.3,78083.0,7.23748906E8,20.2,0.17,33.3
692,0.28,8.18,25.6,36819.0,21.6,31.0,"206041117",19.7,"Carlton",2.29,8400.0,0.55,9.8,36.6,56237.0,4.72390078E8,22.1,0.12,38.2
698,0.31,6.73,22.9,45254.0,26.3,32.0,"206041123",21.3,"North Melbourne",2.08,12853.0,0.511,9.0,30.3,62117.0,7.98383593E8,22.1,0.14,34.9
699,0.28,7.28,26.7,45596.0,26.6,32.0,"206041124",21.6,"Parkville",2.07,3626.0,0.544,10.2,30.2,67230.0,2.43777788E8,21.6,0.11,39.1
703,0.31,7.2,35.0,66160.0,41.9,44.0,"206051128",19.1,"Albert Park",2.25,11003.0,0.604,17.0,21.7,115981.0,1.276135492E9,17.3,0.13,46.8
704,0.4,4.6,23.9,64056.0,37.7,38.0,"206051129",25.4,"Elwood",1.86,10919.0,0.482,9.5,17.7,86143.0,9.40596061E8,19.2,0.21,35.3
706,0.27,9.61,39.8,54090.0,34.7,36.0,"206051131",19.7,"Port Melbourne Industrial",2.55,236.0,0.654,null,28.9,116157.0,2.7412943E7,16.7,0.07,52.5
707,0.33,6.27,27.0,61627.0,38.6,38.0,"206051132",21.5,"South Melbourne",2.1,8243.0,0.534,11.2,21.5,91651.0,7.5547701E8,18.4,0.14,38.7
708,0.36,5.17,23.9,53066.0,30.0,33.0,"206051133",24.2,"St Kilda",1.88,19624.0,0.49,10.5,23.7,70774.0,1.388869641E9,22.1,0.18,35.0
709,0.39,4.62,19.6,54133.0,28.7,34.0,"206051134",27.2,"St Kilda East",1.8,11686.0,0.444,6.7,21.7,66865.0,7.81382523E8,22.5,0.2,30.7
712,0.37,5.04,29.0,60908.0,35.2,33.0,"206061137",24.8,"South Yarra - East",1.86,15467.0,0.526,14.3,20.4,86909.0,1.344217807E9,19.6,0.17,39.8
713,0.32,7.69,48.6,71282.0,44.9,49.0,"206061138",18.4,"Toorak",2.48,10096.0,0.703,27.8,19.9,175696.0,1.773826082E9,16.8,0.14,59.9
714,0.38,4.59,21.5,58359.0,32.2,32.0,"206071139",26.2,"Abbotsford",1.76,6365.0,0.456,9.4,20.3,72002.0,4.58292458E8,21.2,0.19,32.0
715,0.36,5.75,26.9,54876.0,33.1,36.0,"206071140",21.5,"Carlton North - Princes Hill",2.05,5983.0,0.531,11.0,23.1,80741.0,4.83073817E8,22.3,0.17,38.8
718,0.37,5.24,26.1,59458.0,35.3,37.0,"206071143",23.1,"Fitzroy North",1.94,8483.0,0.512,10.7,20.7,83788.0,7.10775756E8,20.9,0.19,37.6
719,0.4,4.49,23.3,63992.0,37.3,34.0,"206071144",25.8,"Richmond (Vic.)",1.8,21746.0,0.47,10.3,17.9,83132.0,1.807796568E9,19.0,0.21,34.1
720,0.38,4.95,24.2,64478.0,38.2,40.0,"206071145",23.7,"Yarra - North",1.89,6047.0,0.498,8.7,18.6,87736.0,5.30537242E8,19.5,0.19,36.0
721,0.31,7.36,26.1,60353.0,39.3,46.0,"207011146",18.4,"Ashburton (Vic.)",2.27,4646.0,0.542,11.5,24.3,92036.0,4.27599723E8,18.0,0.14,38.0
722,0.29,8.24,31.0,49615.0,32.6,48.0,"207011147",18.3,"Balwyn",2.39,10696.0,0.591,12.5,28.5,85026.0,9.09433968E8,20.6,0.11,43.6
724,0.31,7.51,30.6,57447.0,37.7,47.0,"207011149",17.7,"Camberwell",2.34,14144.0,0.583,13.1,24.7,96292.0,1.361960842E9,19.9,0.13,43.1
723,0.33,6.87,28.2,50649.0,32.7,48.0,"207011148",18.8,"Balwyn North",2.25,13032.0,0.564,12.6,27.1,79274.0,1.033097204E9,21.4,0.13,40.5
728,0.32,7.23,35.1,59400.0,38.2,45.0,"207011153",19.2,"Kew",2.35,16786.0,0.614,16.4,23.5,108682.0,1.824333977E9,19.1,0.13,47.6
725,0.31,7.39,26.5,63193.0,40.7,46.0,"207011150",18.3,"Glen Iris - East",2.29,11196.0,0.551,9.9,22.9,97748.0,1.094384139E9,18.1,0.13,39.1
726,0.29,7.5,35.9,56500.0,35.2,37.0,"207011151",20.8,"Hawthorn",2.15,16493.0,0.612,17.2,25.7,97905.0,1.614755093E9,18.3,0.09,47.6
729,0.34,6.84,25.7,56881.0,36.1,47.0,"207011154",20.3,"Kew East",2.31,4185.0,0.539,9.9,23.9,87263.0,3.65194287E8,19.8,0.14,38.2
730,0.3,8.05,34.2,61533.0,40.2,48.0,"207011155",17.6,"Surrey Hills (West) - Canterbury",2.44,10940.0,0.611,16.7,24.0,110484.0,1.208700188E9,18.2,0.13,46.4
731,0.36,5.71,21.6,45948.0,26.1,47.0,"207021156",21.7,"Bulleen",2.05,6722.0,0.498,7.6,27.8,62169.0,4.17897834E8,24.3,0.14,33.8
732,0.33,6.38,24.9,40490.0,22.0,45.0,"207021157",21.2,"Doncaster",2.11,12974.0,0.527,10.8,31.7,57534.0,7.46446134E8,25.0,0.12,36.7
733,0.34,6.53,27.1,47589.0,30.0,49.0,"207021159",19.5,"Templestowe",2.25,10665.0,0.551,11.5,27.8,74005.0,7.89258754E8,22.7,0.14,39.4
762,0.39,4.64,21.0,52287.0,27.5,45.0,"208031185",26.3,"Carrum - Patterson Lakes",1.81,7247.0,0.459,8.3,22.2,65850.0,4.77213384E8,23.9,0.19,32.0
734,0.33,6.48,21.2,45352.0,27.5,47.0,"207021160",20.6,"Templestowe Lower",2.13,8015.0,0.502,7.5,28.9,62193.0,4.98480211E8,23.0,0.12,33.3
739,0.31,7.22,21.7,37979.0,22.2,38.0,"207031163",19.4,"Box Hill",2.27,11812.0,0.52,7.4,34.8,53861.0,6.36211325E8,23.6,0.12,34.3
735,0.33,6.51,22.0,42351.0,24.7,47.0,"207021424",20.6,"Doncaster East (North)",2.13,9355.0,0.513,7.9,30.3,58858.0,5.50614075E8,24.4,0.12,34.3
736,0.31,6.87,20.7,40785.0,22.4,43.0,"207021425",21.5,"Doncaster East (South)",2.1,8008.0,0.502,7.2,32.4,54678.0,4.37861403E8,23.8,0.11,32.8
737,0.32,6.38,22.0,48951.0,29.0,44.0,"207031161",21.5,"Blackburn",2.06,13297.0,0.501,8.4,27.4,66107.0,8.79027406E8,22.2,0.13,33.9
752,0.34,6.37,31.0,57450.0,36.1,41.0,"208021177",20.9,"Caulfield - North",2.17,14098.0,0.566,14.8,23.1,93254.0,1.314700634E9,20.0,0.16,42.5
741,0.31,7.67,23.1,35735.0,21.5,39.0,"207031165",18.1,"Burwood",2.36,6364.0,0.532,7.9,36.4,53303.0,3.39222302E8,24.1,0.12,35.8
740,0.32,6.49,21.8,46114.0,27.1,44.0,"207031164",21.3,"Box Hill North",2.09,10383.0,0.506,7.6,29.0,62894.0,6.53032654E8,22.6,0.12,34.0
744,0.33,7.1,26.9,57104.0,37.2,50.0,"208011168",18.4,"Beaumaris",2.36,9083.0,0.552,11.1,24.0,90674.0,8.23588285E8,20.4,0.14,39.3
753,0.35,6.04,24.4,55608.0,34.9,45.0,"208021178",20.7,"Caulfield - South",2.12,11673.0,0.519,9.6,23.5,80622.0,9.41097376E8,21.0,0.16,36.5
745,0.3,8.45,35.9,66389.0,43.0,50.0,"208011169",17.0,"Brighton (Vic.)",2.57,16039.0,0.625,15.5,22.1,128678.0,2.063860976E9,17.9,0.13,48.6
754,0.37,5.52,28.5,59067.0,36.0,42.0,"208021179",22.0,"Elsternwick",2.03,7717.0,0.535,12.9,21.0,89585.0,6.91326961E8,21.0,0.18,40.0
749,0.32,7.1,28.5,60421.0,39.1,49.0,"208011173",19.0,"Sandringham - Black Rock",2.28,10925.0,0.56,11.8,23.1,96801.0,1.057551343E9,18.8,0.14,40.9
763,0.41,4.2,16.8,53769.0,26.8,42.0,"208031186",28.4,"Chelsea - Bonbeach",1.71,8431.0,0.414,5.6,20.9,61711.0,5.20285938E8,23.9,0.2,27.5
765,0.38,4.77,19.6,51032.0,26.7,43.0,"208031188",26.0,"Cheltenham - Highett (East)",1.84,13505.0,0.453,7.5,23.3,62833.0,8.48554385E8,24.1,0.16,30.6
767,0.36,5.17,21.4,52385.0,28.8,44.0,"208031190",24.5,"Mentone",1.87,8337.0,0.475,7.9,23.9,66945.0,5.58116391E8,22.8,0.15,32.8
768,0.38,4.92,19.2,50347.0,26.6,43.0,"208031191",25.2,"Moorabbin - Heatherton",1.88,5288.0,0.467,6.6,23.8,62469.0,3.30337951E8,24.3,0.17,30.7
766,0.39,4.8,19.3,54869.0,30.9,44.0,"208031189",24.5,"Edithvale - Aspendale",1.85,7770.0,0.45,7.4,21.5,67797.0,5.26781822E8,23.1,0.18,30.3
773,0.35,5.33,17.4,44655.0,21.6,43.0,"209011196",25.0,"Bundoora - East",1.88,5474.0,0.446,5.4,27.9,53355.0,2.92065118E8,25.4,0.14,28.7
781,0.38,4.58,15.4,53514.0,27.0,42.0,"209011204",27.4,"Watsonia",1.76,5290.0,0.411,4.5,22.2,60045.0,3.17638064E8,23.5,0.18,26.1
786,0.38,4.92,17.8,50434.0,27.0,40.0,"209021429",25.3,"Preston - West",1.85,7332.0,0.442,5.5,24.1,60989.0,4.47173594E8,23.7,0.19,29.0
770,0.38,4.94,19.3,56029.0,31.9,44.0,"208031193",24.6,"Mordialloc - Parkdale",1.86,12368.0,0.454,6.6,21.4,69800.0,8.6328663E8,22.1,0.18,30.6
782,0.34,6.22,21.9,41291.0,23.0,40.0,"209021205",21.4,"Kingsbury",2.11,5665.0,0.501,7.6,31.2,56804.0,3.21796386E8,24.4,0.15,33.9
783,0.39,4.4,15.7,44424.0,17.6,37.0,"209021207",28.4,"Reservoir - East",1.73,14112.0,0.409,4.7,26.4,50178.0,7.08110835E8,27.7,0.18,26.2
784,0.4,4.49,16.1,46001.0,20.9,39.0,"209021208",26.7,"Reservoir - West",1.79,13053.0,0.419,4.8,25.6,53200.0,6.94418903E8,26.8,0.19,26.9
811,null,null,null,24967.0,null,48.0,"210011227",null,"Essendon Airport",null,18.0,null,null,null,40259.0,724667.0,null,null,null
771,0.34,6.68,31.7,64668.0,40.3,43.0,"208041194",20.8,"Malvern - Glen Iris",2.25,13978.0,0.578,12.8,20.9,108873.0,1.521823265E9,18.1,0.15,44.2
810,0.4,4.23,16.3,53575.0,26.3,41.0,"210011226",29.4,"Airport West",1.71,4480.0,0.407,5.2,21.0,60758.0,2.72197583E8,23.3,0.19,26.8
772,0.31,7.35,30.2,58012.0,37.3,44.0,"208041195",19.2,"Malvern East",2.28,13497.0,0.576,12.9,24.7,94521.0,1.275748981E9,18.8,0.13,42.4
787,0.37,5.29,20.1,55062.0,33.2,47.0,"209031209",21.8,"Eltham",1.96,14815.0,0.47,7.0,22.4,71145.0,1.054015571E9,22.6,0.16,31.7
788,0.4,4.77,17.5,49592.0,27.3,45.0,"209031210",23.4,"Hurstbridge",1.89,2219.0,0.443,6.1,23.2,59983.0,1.33103E8,26.0,0.19,28.5
789,0.4,4.57,17.7,45239.0,20.8,45.0,"209031211",26.5,"Kinglake",1.8,2261.0,0.441,5.9,26.0,54016.0,1.22131304E8,26.8,0.16,28.6
790,0.38,5.23,20.9,48770.0,27.6,49.0,"209031212",22.6,"Panton Hill - St Andrews",2.0,3291.0,0.481,6.9,25.1,64443.0,2.12081215E8,24.7,0.18,32.8
791,0.39,4.93,25.1,54993.0,31.5,46.0,"209031213",23.9,"Plenty - Yarrambat",1.92,6210.0,0.496,12.4,21.5,75061.0,4.66127888E8,23.2,0.2,36.0
792,0.36,5.92,25.6,54167.0,34.1,47.0,"209031214",19.8,"Research - North Warrandyte",2.13,4332.0,0.527,11.3,23.4,79708.0,3.45296476E8,22.6,0.16,37.5
897,0.46,3.45,14.1,50947.0,19.1,35.0,"212031301",34.0,"Cranbourne East",1.57,17511.0,0.365,4.1,19.8,54500.0,9.54342319E8,27.1,0.24,24.0
775,0.34,5.73,20.6,53646.0,31.8,43.0,"209011198",22.0,"Heidelberg - Rosanna",1.96,9126.0,0.57,6.9,24.1,64034.0,5.84375789E8,22.0,0.14,32.8
795,0.36,4.93,16.1,41720.0,16.8,41.0,"209041217",26.7,"Bundoora - West",1.79,3388.0,0.435,4.7,28.8,48100.0,1.62964058E8,27.7,0.12,27.1
796,0.42,4.1,15.5,41250.0,13.8,38.0,"209041219",27.3,"Lalor",1.71,10618.0,0.401,4.8,27.4,46445.0,4.9315293E8,31.5,0.21,25.9
776,0.37,4.83,16.8,46681.0,21.5,37.0,"209011199",26.9,"Heidelberg West",1.79,7362.0,0.431,5.0,26.4,54413.0,4.00590743E8,25.2,0.18,27.8
777,0.34,5.98,24.8,59140.0,36.8,44.0,"209011200",21.1,"Ivanhoe",2.04,7720.0,0.515,10.3,22.3,83451.0,6.44240172E8,19.8,0.16,36.5
848,0.34,5.6,19.9,45470.0,23.2,46.0,"211011260",24.2,"Wantirna South",1.92,11019.0,0.474,6.7,27.7,57115.0,6.29346366E8,24.9,0.13,31.4
778,0.33,7.32,30.9,60959.0,40.3,49.0,"209011201",17.5,"Ivanhoe East - Eaglemont",2.43,5450.0,0.58,13.1,22.1,105028.0,5.72402023E8,20.0,0.14,43.2
779,0.38,4.77,21.8,54620.0,30.1,45.0,"209011202",25.2,"Montmorency - Briar Hill",1.82,10034.0,0.467,9.9,21.8,68612.0,6.88449195E8,22.9,0.18,32.4
780,0.35,5.28,17.9,52582.0,29.3,44.0,"209011203",23.9,"Viewbank - Yallambie",1.86,10819.0,0.449,5.9,24.4,63094.0,6.82611787E8,22.4,0.15,29.1
857,0.36,5.08,17.5,46758.0,22.0,40.0,"211031266",26.4,"Ringwood",1.81,9980.0,0.442,5.6,26.2,54646.0,5.45365985E8,25.5,0.14,28.5
785,0.39,4.58,16.3,48132.0,23.4,37.0,"209021428",26.4,"Preston - East",1.8,11780.0,0.42,4.8,24.2,56088.0,6.60714075E8,26.0,0.19,27.2
793,0.41,4.51,18.1,53989.0,29.9,44.0,"209031215",24.9,"Wattle Glen - Diamond Creek",1.84,8903.0,0.431,6.2,20.7,65796.0,5.85785721E8,24.5,0.2,28.9
803,0.43,3.85,15.2,44885.0,16.4,39.0,"209041431",29.8,"Epping - East",1.66,7110.0,0.391,4.5,24.1,50104.0,3.56236491E8,29.7,0.22,25.6
804,0.41,3.99,15.2,43097.0,13.4,38.0,"209041432",30.3,"Epping - South",1.64,4467.0,0.395,4.2,26.4,47080.0,2.10307114E8,29.9,0.19,25.5
867,0.31,6.87,23.1,42437.0,24.2,48.0,"211041273",21.0,"Vermont South",2.15,7373.0,0.519,9.2,31.2,59615.0,4.39538699E8,23.6,0.13,35.1
794,0.34,5.38,18.8,46226.0,22.8,40.0,"209041216",25.0,"Bundoora - North",1.86,4182.0,0.459,6.0,27.2,56560.0,2.36533582E8,25.0,0.14,30.2
805,0.42,3.91,14.7,48002.0,19.2,36.0,"209041433",30.4,"Epping - West",1.66,5988.0,0.386,4.2,22.5,52975.0,3.17215692E8,27.9,0.22,25.0
806,0.46,3.54,14.6,51442.0,21.7,36.0,"209041434",31.9,"Mernda",1.63,9985.0,0.373,4.2,19.2,56600.0,5.65146649E8,27.2,0.25,24.6
807,0.45,3.71,15.6,52318.0,24.2,39.0,"209041435",30.7,"South Morang (North)",1.67,6953.0,0.387,5.0,19.3,59330.0,4.12522522E8,25.8,0.23,25.7
797,0.43,3.96,16.2,47643.0,20.2,42.0,"209041220",28.8,"Mill Park - North",1.72,10634.0,0.402,5.3,22.4,54719.0,5.81880983E8,28.6,0.22,26.7
798,0.42,3.99,15.1,47167.0,18.4,41.0,"209041221",30.0,"Mill Park - South",1.67,6851.0,0.395,4.5,23.6,52079.0,3.56792074E8,28.0,0.19,25.5
929,0.43,3.77,13.7,45109.0,14.4,40.0,"213011331",31.1,"Delahey",1.63,4418.0,0.374,3.7,24.3,48203.0,2.1296108E8,30.3,0.21,23.8
799,0.4,4.28,16.1,40228.0,12.6,38.0,"209041223",27.4,"Thomastown",1.7,9715.0,0.414,5.0,29.1,45131.0,4.38450772E8,30.8,0.19,26.7
800,0.45,3.74,14.9,50913.0,22.2,40.0,"209041224",30.9,"Wallan",1.67,9623.0,0.382,4.4,20.1,56480.0,5.43511842E8,26.8,0.24,25.1
801,0.42,4.23,18.1,49063.0,23.1,45.0,"209041225",27.6,"Whittlesea",1.77,4511.0,0.428,6.6,22.3,58420.0,2.63533048E8,27.0,0.2,28.8
802,0.42,3.93,15.1,53676.0,25.8,38.0,"209041430",29.9,"Doreen",1.67,12150.0,0.391,4.4,20.0,59629.0,7.2449287E8,24.3,0.21,25.4
808,0.43,3.87,15.6,49519.0,20.4,40.0,"209041436",31.0,"South Morang (South)",1.66,6787.0,0.392,5.0,21.5,55537.0,3.76932621E8,27.1,0.22,25.9
809,0.45,3.63,14.0,48687.0,19.1,34.0,"209041437",31.3,"Wollert",1.64,5750.0,0.371,3.8,20.8,53211.0,3.05961884E8,28.7,0.25,24.1
812,0.37,5.08,21.9,50448.0,27.4,46.0,"210011228",24.3,"Keilor",1.89,5350.0,0.477,9.4,24.2,65532.0,3.50594272E8,24.1,0.17,33.0
813,0.38,4.95,18.5,49523.0,25.4,44.0,"210011229",25.7,"Keilor East",1.86,14568.0,0.45,6.2,24.7,60289.0,8.78285678E8,24.2,0.16,29.7
814,0.37,4.96,18.6,54804.0,31.0,43.0,"210011230",24.6,"Niddrie - Essendon West",1.84,4312.0,0.452,5.8,22.0,67447.0,2.90829945E8,22.3,0.18,30.1
815,0.36,5.38,21.3,56942.0,33.7,46.0,"210011231",23.0,"Strathmore",1.94,6132.0,0.478,7.6,21.8,75026.0,4.60057343E8,21.5,0.16,33.1
816,0.36,5.37,19.3,54505.0,32.5,45.0,"210021232",22.3,"Gisborne",1.95,7918.0,0.466,6.4,22.9,69011.0,5.46427676E8,22.3,0.16,30.8
896,0.44,3.58,14.2,45153.0,13.4,39.0,"212031300",32.1,"Cranbourne",1.57,10563.0,0.371,4.0,23.3,47948.0,5.0647245E8,31.1,0.21,24.1
817,0.34,5.99,27.1,56058.0,35.3,48.0,"210021233",20.5,"Macedon",2.06,2079.0,0.531,13.7,23.0,82834.0,1.72212798E8,21.3,0.14,38.4
818,0.39,4.7,17.4,52653.0,28.3,46.0,"210021234",25.6,"Riddells Creek",1.83,2567.0,0.438,5.3,22.3,62928.0,1.61536011E8,23.8,0.18,28.5
819,0.4,4.55,21.4,48804.0,24.4,46.0,"210021235",26.1,"Romsey",1.82,5457.0,0.47,9.3,23.5,61204.0,3.33990914E8,26.0,0.17,32.1
820,0.4,4.58,16.9,48607.0,24.3,38.0,"210031236",26.0,"Coburg North",1.82,4649.0,0.422,6.0,23.2,57651.0,2.68020676E8,26.5,0.2,27.5
821,0.38,4.82,17.0,40000.0,16.5,37.0,"210031237",24.8,"Fawkner",1.86,6358.0,0.438,5.3,30.6,47835.0,3.04132498E8,28.1,0.17,28.2
823,0.41,4.31,15.9,44033.0,17.9,35.0,"210031438",27.4,"Glenroy",1.75,11963.0,0.417,4.7,26.3,50127.0,5.99666289E8,28.4,0.19,26.7
822,0.4,4.41,16.2,53302.0,27.4,38.0,"210031239",27.5,"Pascoe Vale",1.75,14023.0,0.413,5.0,21.6,61327.0,8.59992753E8,23.5,0.19,26.9
824,0.43,4.05,16.3,56136.0,30.1,42.0,"210031439",27.1,"Gowanbrae",1.73,1797.0,0.408,4.9,18.9,65536.0,1.17768942E8,23.8,0.21,27.1
828,0.37,4.74,15.6,34939.0,9.4,34.0,"210051242",24.6,"Broadmeadows",1.77,5159.0,0.42,4.6,34.3,39929.0,2.05993004E8,31.7,0.17,26.5
832,0.41,4.22,15.0,37000.0,9.4,37.0,"210051247",26.3,"Meadow Heights",1.73,5532.0,0.407,4.4,31.3,41252.0,2.2820691E8,33.0,0.2,25.5
833,null,null,null,45697.0,26.2,49.0,"210051248",16.4,"Melbourne Airport",null,64.0,null,null,34.4,62576.0,4004883.0,23.0,null,null
829,0.4,4.45,18.6,35553.0,10.3,37.0,"210051243",25.2,"Campbellfield - Coolaroo",1.78,6009.0,0.438,7.1,33.4,42682.0,2.56473793E8,31.1,0.19,29.1
830,0.41,4.05,15.8,48406.0,20.3,43.0,"210051245",29.7,"Gladstone Park - Westmeadows",1.68,9906.0,0.406,4.8,23.0,54159.0,5.36495262E8,27.0,0.2,26.3
831,0.42,4.24,18.4,50279.0,25.5,41.0,"210051246",26.8,"Greenvale - Bulla",1.8,10544.0,0.435,6.5,21.5,61184.0,6.45128292E8,26.1,0.22,29.4
862,0.38,4.57,15.9,49905.0,23.5,42.0,"211031452",27.7,"Croydon South",1.73,2715.0,0.417,4.6,23.7,56606.0,1.53685116E8,25.1,0.16,26.8
834,0.41,4.24,15.8,41104.0,14.3,39.0,"210051249",27.4,"Roxburgh Park - Somerton",1.74,9247.0,0.408,4.7,28.3,47044.0,4.35017473E8,30.0,0.22,26.4
835,0.42,3.78,14.0,50183.0,18.9,40.0,"210051250",33.1,"Tullamarine",1.59,3502.0,0.374,3.8,21.9,53305.0,1.8667277E8,26.0,0.2,24.0
836,0.45,3.54,14.2,45816.0,15.0,38.0,"210051441",31.4,"Craigieburn - Central",1.61,4363.0,0.368,4.0,22.1,49550.0,2.16185238E8,31.5,0.23,24.2
837,0.43,3.84,14.7,48145.0,19.2,37.0,"210051442",30.5,"Craigieburn - North",1.66,6082.0,0.383,4.2,22.2,53313.0,3.2424763E8,28.1,0.24,25.0
839,0.44,3.78,14.2,46931.0,17.3,34.0,"210051444",31.0,"Craigieburn - West",1.64,7497.0,0.378,4.0,22.8,51004.0,3.82377033E8,28.9,0.22,24.3
840,0.46,3.43,16.4,51754.0,20.5,35.0,"210051445",34.2,"Mickleham - Yuroke",1.59,3118.0,0.38,6.1,19.1,57858.0,1.8040212E8,26.2,0.25,26.2
841,0.39,4.32,15.9,46680.0,18.8,40.0,"211011251",29.2,"Bayswater",1.7,7021.0,0.41,4.9,25.1,52117.0,3.65910202E8,26.9,0.17,26.3
842,0.39,4.61,17.6,47376.0,21.8,42.0,"211011254",27.4,"Knoxfield - Scoresby",1.78,9104.0,0.434,6.0,24.8,55621.0,5.06372208E8,26.0,0.16,28.4
838,0.44,3.72,14.4,46676.0,16.6,36.0,"210051443",31.5,"Craigieburn - South",1.62,8962.0,0.38,4.0,22.6,50651.0,4.53933422E8,29.3,0.23,24.6
843,0.42,4.62,21.2,52858.0,30.5,45.0,"211011255",23.8,"Lysterfield",1.94,4480.0,0.466,8.0,20.5,70468.0,3.15696851E8,25.2,0.22,32.6
845,0.39,4.75,16.7,49996.0,26.5,44.0,"211011257",25.1,"Rowville - North",1.85,5000.0,0.43,4.9,23.7,59852.0,2.99259401E8,24.7,0.17,28.0
846,0.39,4.71,18.1,51125.0,26.8,45.0,"211011258",25.9,"Rowville - South",1.85,6875.0,0.439,5.9,22.8,61937.0,4.25816828E8,24.5,0.18,29.2
847,0.36,5.29,17.4,45406.0,22.8,44.0,"211011259",24.7,"Wantirna",1.88,8487.0,0.445,5.2,27.2,54898.0,4.6591639E8,25.3,0.15,28.7
844,0.4,4.42,17.5,48443.0,22.9,43.0,"211011256",27.2,"Rowville - Central",1.79,9528.0,0.429,5.6,23.6,57342.0,5.46352018E8,26.3,0.18,28.4
849,0.41,4.05,15.3,47526.0,18.9,41.0,"211011446",30.2,"Boronia",1.67,12903.0,0.399,4.6,23.2,52485.0,6.77219354E8,27.7,0.18,25.7
850,0.4,4.32,15.9,48232.0,21.2,42.0,"211011447",28.6,"Ferntree Gully (North)",1.72,8122.0,0.408,5.1,23.9,54243.0,4.40558137E8,26.3,0.19,26.3
856,0.38,4.96,17.9,51268.0,28.8,45.0,"211031265",23.8,"Croydon Hills - Warranwood",1.91,11572.0,0.444,5.6,22.9,63648.0,7.36530076E8,24.6,0.18,29.3
851,0.41,4.26,15.5,48124.0,21.9,43.0,"211011448",27.9,"Ferntree Gully (South) - Upper Ferntree Gully",1.75,8886.0,0.408,4.4,23.2,55086.0,4.8949398E8,27.0,0.19,26.3
858,0.37,4.92,17.4,50280.0,26.1,43.0,"211031267",25.7,"Ringwood East",1.83,12115.0,0.457,5.4,24.2,59038.0,7.15242368E8,24.1,0.16,28.7
859,0.37,5.38,19.5,51044.0,29.4,46.0,"211031268",22.8,"Ringwood North",1.97,6098.0,0.471,6.6,24.6,64903.0,3.95779204E8,23.2,0.15,31.1
852,0.4,4.28,17.1,50594.0,23.5,43.0,"211011449",28.3,"The Basin",1.71,2628.0,0.418,6.1,22.3,57941.0,1.5227012E8,25.9,0.17,27.7
853,0.33,6.4,25.4,49979.0,30.8,48.0,"211021261",20.5,"Donvale - Park Orchards",2.13,10206.0,0.538,10.0,27.1,73972.0,7.54955202E8,21.6,0.13,38.1
854,0.36,6.01,27.7,54155.0,34.1,48.0,"211021262",20.3,"Warrandyte - Wonga Park",2.17,6791.0,0.542,13.3,23.1,84300.0,5.72480433E8,22.6,0.16,39.4
860,0.41,4.12,15.0,48752.0,21.4,40.0,"211031450",29.1,"Croydon - East",1.71,8678.0,0.397,4.3,22.4,54370.0,4.71826046E8,27.2,0.19,25.4
861,0.37,5.01,17.9,48598.0,23.7,44.0,"211031451",26.5,"Croydon - West",1.84,7780.0,0.448,5.5,25.0,57938.0,4.50754312E8,24.8,0.14,29.3
855,0.42,4.06,16.3,49855.0,21.7,42.0,"211031263",30.2,"Bayswater North",1.69,7009.0,0.401,5.6,22.0,56324.0,3.94775315E8,26.2,0.21,26.5
863,0.33,5.94,18.7,44518.0,23.2,43.0,"211041269",23.7,"Forest Hill",1.95,6100.0,0.469,6.0,28.9,55585.0,3.39066871E8,24.1,0.13,30.3
864,0.36,5.27,18.3,50774.0,28.3,42.0,"211041270",24.1,"Mitcham (Vic.)",1.88,10137.0,0.453,6.1,24.6,62012.0,6.28614244E8,23.0,0.14,29.5
866,0.31,6.38,19.0,46970.0,25.9,44.0,"211041272",22.9,"Vermont",1.99,6306.0,0.475,6.4,27.8,58903.0,3.71442566E8,23.3,0.11,30.6
865,0.34,5.58,18.1,48849.0,25.6,41.0,"211041271",24.7,"Nunawading",1.9,6983.0,0.458,5.5,26.6,58876.0,4.11133398E8,23.1,0.13,29.6
868,0.39,4.71,20.8,50490.0,25.7,44.0,"211051274",26.3,"Belgrave - Selby",1.82,6171.0,0.459,8.6,23.4,62727.0,3.87090531E8,24.6,0.17,31.5
869,0.38,4.71,17.8,49304.0,23.1,44.0,"211051275",27.8,"Chirnside Park",1.77,6479.0,0.436,5.8,23.9,57778.0,3.74342052E8,25.2,0.16,28.7
870,0.4,4.62,18.5,43147.0,18.9,46.0,"211051276",25.4,"Healesville - Yarra Glen",1.83,7908.0,0.447,6.3,26.4,52092.0,4.11947435E8,29.3,0.17,29.5
871,0.41,4.05,15.9,47591.0,19.0,42.0,"211051277",30.1,"Kilsyth",1.67,5304.0,0.4,4.8,23.1,53601.0,2.84297739E8,27.8,0.19,26.3
872,0.41,4.35,18.3,47862.0,22.0,44.0,"211051278",27.5,"Lilydale - Coldstream",1.77,11457.0,0.434,6.2,23.6,56658.0,6.49132682E8,27.0,0.18,29.1
873,0.38,4.85,19.8,44915.0,21.5,46.0,"211051279",24.9,"Monbulk - Silvan",1.86,3497.0,0.462,6.8,26.1,56035.0,1.95952842E8,27.4,0.16,31.1
874,0.4,4.3,18.0,49794.0,23.6,44.0,"211051280",27.8,"Montrose",1.74,4091.0,0.426,6.4,22.5,58637.0,2.39882414E8,26.2,0.2,28.7
875,0.42,4.14,16.2,49058.0,22.2,41.0,"211051281",28.6,"Mooroolbark",1.73,13191.0,0.407,5.1,22.4,56125.0,7.40347525E8,26.9,0.19,26.8
876,0.34,5.84,20.0,48432.0,27.9,48.0,"211051282",22.1,"Mount Dandenong - Olinda",1.96,6087.0,0.481,6.8,26.8,62514.0,3.80525366E8,23.1,0.14,31.7
885,0.45,3.59,14.5,48702.0,17.7,36.0,"212011291",32.7,"Pakenham - North",1.6,10443.0,0.372,4.3,21.1,52501.0,5.48264538E8,28.5,0.23,24.4
877,0.41,4.37,16.4,47003.0,22.0,43.0,"211051283",26.5,"Mount Evelyn",1.79,5834.0,0.417,4.9,23.6,55022.0,3.209985E8,27.9,0.19,27.1
893,0.39,4.39,16.0,45339.0,18.6,42.0,"212021454",27.9,"Endeavour Hills - South",1.73,7687.0,0.412,4.7,25.4,51398.0,3.95095392E8,28.1,0.18,26.6
902,0.45,3.69,17.8,50336.0,20.9,38.0,"212031306",31.4,"Lynbrook - Lyndhurst",1.65,8733.0,0.401,7.8,20.2,57186.0,4.9940252E8,27.5,0.25,27.6
903,0.43,4.06,17.1,47881.0,21.0,45.0,"212031308",28.5,"Pearcedale - Tooradin",1.73,4680.0,0.417,5.5,22.4,55725.0,2.60792998E8,28.0,0.22,27.7
878,0.41,4.32,15.6,51408.0,25.8,44.0,"211051284",27.2,"Upwey - Tecoma",1.76,6163.0,0.408,4.5,21.8,58940.0,3.63248522E8,25.1,0.2,26.3
879,0.41,4.36,19.7,47013.0,21.4,45.0,"211051285",27.2,"Wandin - Seville",1.77,4856.0,0.446,7.5,24.0,56818.0,2.75906552E8,27.4,0.19,30.4
880,0.42,4.1,16.5,43275.0,16.4,45.0,"211051286",27.8,"Yarra Valley",1.73,8968.0,0.421,5.4,25.9,49383.0,4.42863587E8,30.0,0.2,27.2
881,0.42,4.01,17.5,52486.0,25.1,39.0,"212011287",29.2,"Beaconsfield - Officer",1.69,9147.0,0.412,6.1,20.5,60920.0,5.57231732E8,25.3,0.22,27.8
882,0.43,4.38,17.4,44303.0,21.0,46.0,"212011288",25.0,"Bunyip - Garfield",1.86,5195.0,0.439,5.6,25.3,53570.0,2.78294338E8,28.7,0.18,28.4
883,0.4,4.53,19.5,48793.0,24.7,45.0,"212011289",25.6,"Emerald - Cockatoo",1.83,10803.0,0.449,7.1,23.2,60040.0,6.48608037E8,26.4,0.19,30.4
884,0.43,4.03,18.9,44652.0,17.8,43.0,"212011290",28.2,"Koo Wee Rup",1.73,4311.0,0.439,7.5,23.8,52552.0,2.26551699E8,30.2,0.21,29.2
886,0.43,3.87,14.9,47372.0,18.2,38.0,"212011292",30.7,"Pakenham - South",1.65,15355.0,0.389,4.3,22.8,52076.0,7.99627859E8,28.3,0.21,25.2
887,0.37,5.1,20.8,49083.0,26.4,45.0,"212021293",24.3,"Berwick - North",1.91,13852.0,0.471,8.0,24.7,62974.0,8.72312855E8,24.6,0.17,32.1
888,0.41,4.29,16.4,51645.0,25.1,41.0,"212021294",28.2,"Berwick - South",1.74,14686.0,0.414,5.2,21.8,59411.0,8.72510925E8,24.9,0.19,27.1
889,0.44,3.6,13.6,38878.0,7.7,36.0,"212021295",28.8,"Doveton",1.58,5048.0,0.372,3.6,28.2,41075.0,2.07347758E8,35.4,0.21,23.7
890,0.42,3.97,16.6,43385.0,14.2,40.0,"212021297",29.6,"Hallam",1.67,5515.0,0.403,6.1,25.8,48566.0,2.67843979E8,30.4,0.2,26.6
891,0.39,5.09,23.9,50080.0,28.4,46.0,"212021299",23.2,"Narre Warren North",2.0,5079.0,0.498,10.5,23.5,69624.0,3.53619346E8,24.9,0.2,35.5
892,0.41,4.14,19.1,46517.0,19.0,42.0,"212021453",28.8,"Endeavour Hills - North",1.71,6486.0,0.431,7.8,24.5,54144.0,3.51175321E8,27.7,0.19,29.3
894,0.42,4.02,15.0,46930.0,18.7,42.0,"212021455",29.4,"Narre Warren - North East",1.69,7736.0,0.396,4.5,23.4,51939.0,4.01801577E8,28.5,0.21,25.4
895,0.45,3.56,14.2,46024.0,14.2,39.0,"212021456",32.5,"Narre Warren - South West",1.58,7522.0,0.37,4.1,22.4,49224.0,3.70260764E8,30.9,0.23,24.2
898,0.45,3.56,14.0,48130.0,17.8,37.0,"212031302",32.0,"Cranbourne North",1.62,11463.0,0.368,3.9,20.9,52312.0,5.99650093E8,29.4,0.25,24.1
899,0.44,3.96,17.9,50678.0,25.0,42.0,"212031303",27.6,"Cranbourne South",1.76,5620.0,0.419,6.3,20.2,60548.0,3.40277786E8,27.2,0.24,28.4
900,0.47,3.25,13.1,48956.0,15.5,35.0,"212031304",35.3,"Cranbourne West",1.53,9049.0,0.348,3.6,19.9,51173.0,4.63063977E8,29.3,0.26,22.8
901,0.45,3.44,13.7,44183.0,11.2,39.0,"212031305",32.7,"Hampton Park - Lynbrook",1.55,12832.0,0.36,4.0,23.6,46356.0,5.94835377E8,32.5,0.23,23.3
904,0.41,4.37,16.9,48581.0,24.1,43.0,"212031457",26.1,"Narre Warren South (East)",1.8,7631.0,0.424,5.2,22.9,57894.0,4.41791849E8,26.9,0.21,27.8
905,0.44,3.76,15.4,46509.0,17.1,40.0,"212031458",30.4,"Narre Warren South (West)",1.65,8871.0,0.386,4.8,22.6,51862.0,4.60072072E8,29.8,0.23,25.6
906,0.4,4.35,16.2,45207.0,18.8,42.0,"212041309",27.5,"Clarinda - Oakleigh South",1.75,6638.0,0.42,4.5,26.0,51783.0,3.43738645E8,27.7,0.18,27.2
907,0.38,4.58,16.1,40149.0,14.0,35.0,"212041310",26.4,"Clayton South",1.74,7015.0,0.423,4.8,30.4,45685.0,3.20476998E8,29.2,0.17,27.1
908,0.44,3.81,17.0,37323.0,9.6,35.0,"212041311",25.4,"Dandenong",1.69,14768.0,0.41,6.0,29.1,42502.0,6.27663472E8,35.9,0.21,27.3
909,0.41,4.07,15.9,41992.0,13.8,40.0,"212041312",28.1,"Dandenong North",1.68,11533.0,0.405,5.0,26.5,47033.0,5.42429976E8,31.6,0.19,26.4
910,0.36,5.17,18.8,48051.0,24.4,47.0,"212041313",25.3,"Dingley Village",1.85,6421.0,0.453,6.4,26.0,58626.0,3.76434346E8,24.3,0.15,30.1
915,0.41,3.93,14.4,41184.0,10.8,35.0,"212041459",30.1,"Noble Park - East",1.62,6691.0,0.388,4.1,28.3,43924.0,2.93898568E8,30.8,0.2,24.7
911,0.41,4.14,17.7,46015.0,18.3,40.0,"212041314",29.0,"Keysborough",1.7,15103.0,0.421,6.3,24.9,52990.0,8.0031538E8,27.7,0.18,28.2
912,0.41,4.01,14.8,43704.0,14.4,41.0,"212041316",29.7,"Noble Park North",1.64,3821.0,0.396,4.2,25.8,47407.0,1.81143989E8,30.1,0.2,25.2
913,0.39,4.42,16.8,35369.0,9.5,36.0,"212041317",23.8,"Springvale",1.71,10891.0,0.428,5.1,34.0,40442.0,4.40453283E8,32.7,0.17,27.8
914,0.4,4.08,15.6,39649.0,10.0,39.0,"212041318",26.7,"Springvale South",1.61,6405.0,0.4,4.6,29.7,42777.0,2.73985932E8,33.7,0.2,26.0
916,0.4,4.08,14.6,39231.0,9.7,37.0,"212041460",27.7,"Noble Park - West",1.62,9388.0,0.393,4.1,29.8,42015.0,3.94437148E8,32.9,0.18,25.0
917,0.34,5.7,19.5,47564.0,26.4,39.0,"212051319",23.0,"Ashwood - Chadstone",1.96,10858.0,0.475,6.6,27.3,60464.0,6.56520906E8,23.4,0.14,31.2
918,0.29,7.05,19.6,35296.0,15.8,33.0,"212051320",22.1,"Clayton",2.03,9572.0,0.49,7.0,36.6,45295.0,4.33561003E8,25.4,0.1,31.4
919,0.27,8.27,22.5,40000.0,24.2,47.0,"212051321",19.3,"Glen Waverley - East",2.26,12978.0,0.534,8.1,34.2,57032.0,7.40166272E8,22.3,0.09,35.1
920,0.29,7.6,21.6,40629.0,23.6,45.0,"212051322",20.5,"Glen Waverley - West",2.2,11497.0,0.518,7.7,33.1,56209.0,6.46237818E8,22.8,0.1,33.9
921,0.3,7.21,22.5,44434.0,27.3,47.0,"212051323",19.8,"Mount Waverley - North",2.15,9666.0,0.52,8.3,30.8,62027.0,5.99556896E8,22.2,0.11,34.8
922,0.31,6.55,21.5,46393.0,27.1,44.0,"212051324",21.4,"Mount Waverley - South",2.06,11519.0,0.505,7.8,28.8,62081.0,7.15110982E8,22.8,0.12,33.5
923,0.37,4.89,19.4,46912.0,22.5,42.0,"212051325",26.2,"Mulgrave",1.82,11083.0,0.455,7.4,25.9,57228.0,6.34255888E8,25.5,0.15,30.4
924,0.37,5.01,17.4,49202.0,25.5,39.0,"212051326",25.3,"Oakleigh - Huntingdale",1.85,12608.0,0.444,5.4,25.0,58785.0,7.41164569E8,24.2,0.16,28.7
925,0.32,6.68,25.0,45197.0,26.2,48.0,"212051327",21.3,"Wheelers Hill",2.1,12383.0,0.531,11.1,29.7,64230.0,7.95365969E8,22.8,0.11,36.9
926,0.43,4.05,15.2,41578.0,14.2,35.0,"213011328",27.3,"Ardeer - Albion",1.73,4057.0,0.401,4.2,26.9,46639.0,1.89213702E8,31.7,0.2,25.9
962,0.4,4.22,15.9,44762.0,17.0,40.0,"213051362",28.9,"Hoppers Crossing - South",1.7,10351.0,0.411,4.7,25.7,50331.0,5.20977475E8,28.3,0.18,26.5
927,0.38,4.42,16.2,46480.0,18.9,40.0,"213011329",29.3,"Cairnlea",1.7,5349.0,0.415,5.3,26.0,52140.0,2.78896581E8,25.9,0.19,26.7
930,0.41,4.22,16.1,46550.0,19.6,42.0,"213011332",28.3,"Keilor Downs",1.73,7347.0,0.415,5.0,24.5,52925.0,3.88836903E8,27.5,0.18,26.8
928,0.42,3.87,14.7,46765.0,16.9,37.0,"213011330",31.1,"Deer Park - Derrimut",1.64,13437.0,0.386,4.2,23.7,50950.0,6.84619608E8,28.3,0.21,25.0
931,0.42,3.85,14.6,41394.0,10.6,39.0,"213011333",29.5,"Kings Park (Vic.)",1.62,6253.0,0.383,4.3,27.1,44438.0,2.77872393E8,32.8,0.21,24.7
932,0.4,4.14,15.2,37904.0,9.8,36.0,"213011334",26.5,"St Albans - North",1.67,9369.0,0.402,4.3,31.2,41719.0,3.90861514E8,32.6,0.19,25.7
941,0.4,4.39,16.0,51219.0,25.3,38.0,"213021343",27.9,"Altona North",1.75,7036.0,0.412,4.7,22.5,58728.0,4.13208226E8,24.4,0.2,26.7
933,0.39,4.36,15.2,37108.0,9.9,36.0,"213011335",25.7,"St Albans - South",1.71,7982.0,0.408,4.3,32.1,41241.0,3.29186064E8,32.3,0.19,25.8
935,0.41,4.22,15.4,38981.0,12.5,38.0,"213011337",25.9,"Sunshine North",1.74,5690.0,0.409,4.3,29.0,44155.0,2.51242392E8,32.6,0.19,26.2
934,0.42,4.34,15.8,40008.0,15.3,35.0,"213011336",25.8,"Sunshine",1.81,5306.0,0.418,4.7,28.3,46975.0,2.49250714E8,30.5,0.19,26.7
937,0.43,3.95,15.1,46909.0,19.0,39.0,"213011339",29.1,"Sydenham",1.7,6718.0,0.392,4.4,23.4,52299.0,3.51341782E8,28.5,0.22,25.4
936,0.41,4.16,15.0,41970.0,13.7,37.0,"213011338",28.5,"Sunshine West",1.69,9172.0,0.399,4.2,27.8,46262.0,4.24313959E8,30.0,0.19,25.4
938,0.41,4.52,17.4,49266.0,25.1,45.0,"213011340",25.9,"Taylors Lakes",1.83,11208.0,0.43,5.6,23.1,59646.0,6.68507556E8,25.8,0.2,28.5
939,0.37,4.94,17.5,54168.0,30.2,43.0,"213021341",25.1,"Altona",1.85,7910.0,0.439,5.5,22.3,65344.0,5.16868678E8,22.4,0.16,28.7
940,0.41,4.11,15.0,50018.0,21.7,41.0,"213021342",30.0,"Altona Meadows",1.68,10722.0,0.395,4.4,22.3,55384.0,5.93825718E8,26.0,0.2,25.5
942,0.4,4.55,17.6,63703.0,38.0,41.0,"213021344",24.2,"Newport",1.82,10961.0,0.429,5.7,18.2,76882.0,8.42700631E8,19.5,0.21,28.6
943,0.43,3.89,14.6,51243.0,24.6,41.0,"213021345",28.7,"Seabrook",1.69,2868.0,0.389,4.0,20.6,57349.0,1.64477004E8,26.1,0.22,25.0
944,0.33,6.25,24.0,62563.0,38.5,47.0,"213021346",20.1,"Williamstown",2.07,9706.0,0.513,9.3,21.8,87460.0,8.48889914E8,19.5,0.16,35.9
949,0.4,4.4,15.9,50429.0,24.1,36.0,"213031351",27.7,"West Footscray - Tottenham",1.74,7018.0,0.411,4.7,23.3,57404.0,4.02860269E8,24.9,0.2,26.6
945,0.39,4.53,16.7,43162.0,17.4,34.0,"213031347",26.8,"Braybrook",1.77,9656.0,0.425,5.2,27.6,49839.0,4.81246701E8,28.1,0.18,27.5
946,0.39,4.65,16.7,44970.0,20.4,33.0,"213031348",26.0,"Footscray",1.81,10319.0,0.428,5.0,26.7,52664.0,5.43435818E8,26.8,0.18,27.6
947,0.39,4.57,19.8,51291.0,25.8,36.0,"213031349",27.0,"Maribyrnong",1.8,8028.0,0.454,7.2,23.0,62566.0,5.0228251E8,24.2,0.2,30.9
948,0.42,4.24,16.2,60578.0,35.0,38.0,"213031350",26.7,"Seddon - Kingsville",1.79,5766.0,0.411,4.7,17.7,71878.0,4.14450214E8,20.6,0.22,27.1
950,0.4,4.37,17.3,64295.0,38.3,39.0,"213031352",24.1,"Yarraville",1.76,9239.0,0.425,5.3,18.0,76250.0,7.04475985E8,19.6,0.2,28.2
951,0.4,4.34,16.2,51733.0,25.7,42.0,"213041353",27.5,"Bacchus Marsh",1.75,11743.0,0.411,5.3,21.8,59609.0,6.99990382E8,25.0,0.19,26.7
952,0.46,3.67,15.2,52568.0,24.5,39.0,"213041355",30.3,"Hillside",1.67,11999.0,0.386,4.4,18.8,59363.0,7.12301053E8,26.4,0.26,25.6
953,0.42,3.87,15.3,46255.0,16.7,40.0,"213041356",30.7,"Melton",1.64,9880.0,0.391,4.5,23.5,50733.0,5.01242131E8,29.1,0.2,25.5
954,0.44,3.76,14.3,48610.0,19.1,38.0,"213041357",31.3,"Melton South",1.64,11389.0,0.379,3.9,21.6,53067.0,6.04385749E8,28.0,0.22,24.5
955,0.43,3.89,14.6,45460.0,16.5,40.0,"213041358",29.9,"Melton West",1.66,4859.0,0.386,4.0,24.0,50053.0,2.4320699E8,29.6,0.22,24.8
956,0.45,3.52,14.1,43924.0,14.1,41.0,"213041359",30.4,"Rockbank - Mount Cottrell",1.58,854.0,0.382,3.7,23.6,47870.0,4.0880743E7,31.9,0.26,24.5
957,0.41,4.13,15.3,52300.0,25.4,39.0,"213041360",28.7,"Taylors Hill",1.71,10356.0,0.397,4.6,21.0,58907.0,6.10038044E8,24.9,0.22,25.7
958,0.41,4.09,15.3,48628.0,19.6,41.0,"213041461",30.8,"Burnside",1.66,2604.0,0.396,4.6,23.5,53419.0,1.39103648E8,26.2,0.19,25.6
959,0.43,3.96,14.5,50208.0,22.7,38.0,"213041462",29.1,"Burnside Heights",1.7,3251.0,0.386,4.0,21.4,55810.0,1.81437517E8,26.8,0.22,24.9
960,0.41,4.18,16.5,53155.0,26.0,40.0,"213041463",28.6,"Caroline Springs",1.71,11113.0,0.406,5.6,21.1,60706.0,6.74630723E8,24.3,0.22,26.8
961,0.43,3.96,16.0,47372.0,19.1,41.0,"213051361",29.7,"Hoppers Crossing - North",1.68,11196.0,0.401,4.9,22.9,53595.0,6.00046734E8,28.3,0.21,26.5
963,0.42,4.25,17.0,46260.0,20.6,34.0,"213051363",27.1,"Laverton",1.78,5778.0,0.424,5.3,24.5,53966.0,3.11814559E8,27.9,0.2,27.9
964,0.43,3.89,14.8,48186.0,19.5,35.0,"213051365",30.4,"Tarneit",1.66,20308.0,0.387,4.3,22.3,53405.0,1.084558681E9,27.9,0.23,25.1
965,0.42,3.93,14.8,48291.0,19.6,34.0,"213051366",30.3,"Truganina",1.66,13583.0,0.387,4.5,22.8,53233.0,7.23065835E8,27.3,0.24,25.1
966,0.4,4.37,17.6,50542.0,24.9,43.0,"213051368",27.4,"Werribee - South",1.76,6914.0,0.424,5.8,22.7,59566.0,4.11841714E8,25.0,0.21,28.4
967,0.43,3.72,14.3,50157.0,20.0,36.0,"213051369",32.1,"Wyndham Vale",1.62,13064.0,0.375,4.1,21.0,54340.0,7.09902977E8,27.0,0.23,24.4
968,0.37,5.15,19.3,53208.0,30.1,38.0,"213051464",23.9,"Point Cook - East",1.89,7939.0,0.468,6.5,23.6,66413.0,5.27250474E8,22.4,0.15,31.0
969,0.38,4.73,16.4,53362.0,28.7,39.0,"213051465",25.4,"Point Cook - North",1.79,12983.0,0.425,5.0,22.8,61907.0,8.03740345E8,23.0,0.17,27.2
971,0.42,3.92,15.7,45201.0,16.3,39.0,"213051467",29.9,"Werribee - East",1.66,9839.0,0.398,5.0,24.4,50169.0,4.93615343E8,29.3,0.21,26.1
972,0.44,3.79,16.1,50388.0,21.8,39.0,"213051468",30.4,"Werribee - West",1.67,7605.0,0.399,5.0,20.6,57212.0,4.3509947E8,27.2,0.21,26.6
973,0.47,3.26,14.7,49134.0,16.5,40.0,"214011370",34.6,"Carrum Downs",1.54,11691.0,0.363,4.8,19.6,52676.0,6.15829589E8,29.4,0.24,24.4
974,0.39,4.43,15.8,46119.0,18.5,42.0,"214011371",28.8,"Frankston",1.71,12213.0,0.412,4.7,25.5,51374.0,6.27436198E8,27.2,0.17,26.4
975,0.41,3.92,14.3,44348.0,13.5,41.0,"214011372",31.6,"Frankston North",1.61,9120.0,0.384,3.8,25.0,47373.0,4.32046039E8,29.8,0.18,24.5
976,0.38,5.12,19.1,49128.0,27.9,47.0,"214011373",22.8,"Frankston South",1.92,11104.0,0.459,6.4,24.6,62648.0,6.9564268E8,24.7,0.17,30.6
977,0.44,3.88,16.6,50307.0,22.7,42.0,"214011374",29.6,"Langwarrin",1.7,14621.0,0.403,5.3,20.8,57630.0,8.42606069E8,26.9,0.22,27.0
978,0.41,4.05,15.6,49253.0,20.9,42.0,"214011375",30.2,"Seaford (Vic.)",1.66,9402.0,0.402,4.7,22.5,54633.0,5.1366394E8,26.4,0.18,26.0
979,0.44,3.92,17.5,52393.0,25.7,42.0,"214011376",28.5,"Skye - Sandhurst",1.73,7926.0,0.411,5.8,19.5,62010.0,4.91487793E8,26.2,0.24,28.0
980,0.35,5.71,23.2,41022.0,20.6,49.0,"214021377",22.3,"Dromana",2.0,6803.0,0.502,10.2,29.9,55235.0,3.75766638E8,27.2,0.14,34.5
981,0.35,6.51,31.3,44455.0,27.3,54.0,"214021378",19.8,"Flinders",2.29,3720.0,0.586,14.0,28.4,75861.0,2.82203227E8,24.5,0.15,43.8
982,0.4,4.45,19.4,44595.0,19.6,44.0,"214021379",26.3,"Hastings - Somers",1.79,11921.0,0.445,7.5,25.5,53957.0,6.43220955E8,28.7,0.19,30.1
983,0.37,5.31,21.9,44686.0,23.0,48.0,"214021380",23.6,"Mornington",1.95,14175.0,0.483,8.8,27.3,58594.0,8.30566001E8,26.2,0.15,33.2
984,0.33,6.43,26.5,54529.0,34.6,49.0,"214021381",19.3,"Mount Eliza",2.13,11375.0,0.54,11.4,24.7,81583.0,9.28005376E8,21.3,0.13,38.5
985,0.36,5.63,22.7,49040.0,28.9,47.0,"214021382",21.6,"Mount Martha",2.03,11318.0,0.499,9.3,25.2,66615.0,7.5394685E8,24.3,0.16,34.3
986,0.37,5.34,31.3,39267.0,18.5,50.0,"214021383",22.2,"Point Nepean",2.0,10236.0,0.554,17.4,30.2,59717.0,6.11264989E8,29.1,0.15,41.9
987,0.35,5.29,18.3,37748.0,14.7,48.0,"214021384",23.3,"Rosebud - McCrae",1.87,10868.0,0.455,6.1,32.1,45524.0,4.9475391E8,30.0,0.14,29.5
988,0.42,4.18,18.2,47929.0,22.0,44.0,"214021385",27.6,"Somerville",1.77,11166.0,0.427,6.3,22.5,57071.0,6.37260044E8,27.9,0.21,28.8
